event,distinct_id,timestamp,properties,uuid
upload_attempt,u-1041,2025-10-27T07:21:33Z,"{}",5e5d1d49-999b-416a-805b-ee8ad05eec1b
upload_attempt,u-1002,2025-10-27T08:50:58Z,"{}",319ab23d-f1c8-4c0b-92f2-1635aaedde83
upload_success,u-1052,2025-10-27T10:21:08Z,"{""uploads"":1,""quota"":10,""quotaPct"":0.1}",a57ece44-a0e9-4059-b93a-282910914358
plan_downgraded,u-1059,2025-10-27T11:50:35Z,"{""quota"":10}",6f590bc1-13ab-4763-8354-1fb45ce5c6c4
login_failed,u-1008,2025-10-27T13:20:50Z,"{""reason"":""bad password""}",16e1524c-d517-4d14-9369-d937eb90e57a
register,u-1034,2025-10-27T14:51:11Z,"{""plan"":""Free""}",1f4d23cf-521e-4936-b4fd-65f7681f4f0d
login_success,u-1021,2025-10-27T16:21:20Z,"{""plan"":""Free""}",b14e55b6-4515-444d-b5ac-5fb2e63545e5
logout,u-1030,2025-10-27T17:51:40Z,"{}",2f7bd5ed-646f-48e6-bba9-3121f08d2f14
upload_success,u-1032,2025-10-27T19:20:59Z,"{""uploads"":1,""quota"":10,""quotaPct"":0.1}",698fc090-7e6b-43c2-8620-c37c9906e4f4
upload_success,u-1045,2025-10-27T20:51:16Z,"{""uploads"":1,""quota"":10,""quotaPct"":0.1}",cf35bdad-df19-4c03-9ff9-1bfde80ea857
login_success,u-1027,2025-10-27T22:21:28Z,"{""plan"":""Free""}",ebc6ef85-3e10-48cf-8694-98a290577098
upload_failed,u-1044,2025-10-27T23:51:29Z,"{""reason"":""file_too_large""}",0bbf9a48-a234-4a12-baec-da1d210fbb58
logout,u-1011,2025-10-28T01:21:49Z,"{}",b6483fb3-a3f8-47b9-98df-0f3edea2569e
upload_failed,u-1053,2025-10-28T02:51:12Z,"{""reason"":""file_too_large""}",99399e69-1674-418a-a670-41dc9dcc545e
upload_success,u-1051,2025-10-28T04:20:48Z,"{""uploads"":1,""quota"":10,""quotaPct"":0.1}",2727994d-601c-4d54-993b-a5a1ac95a3b3
retention_over_2min,u-1050,2025-10-28T05:50:40Z,"{}",57c172ac-2e8e-4959-9260-9ad58d025290
logout,u-1011,2025-10-28T07:21:18Z,"{}",8ffe3d7e-aed2-471a-892b-4f2b8e25d05a
login_failed,u-1020,2025-10-28T08:50:45Z,"{""reason"":""rate_limit""}",dc78da84-b8af-4f34-8a1c-f21774955ac6
upload_attempt,u-1000,2025-10-28T10:21:44Z,"{}",0ee26f77-9ab6-4f79-a9c0-5a91d5ade7b4
retention_over_2min,u-1024,2025-10-28T11:50:47Z,"{}",1bd6e0d3-b9a1-4657-9bfa-33bec1aa188c
quota_near_limit,u-1037,2025-10-28T13:20:42Z,"{""uploads"":8,""quota"":10,""quotaPct"":0.8}",5bc9f3b9-5717-4fc8-bb51-9747da5fc57c
payment_failed,u-1055,2025-10-28T14:51:16Z,"{""provider"":""stripe"",""amount"":200}",e81e2f36-2d92-49f4-ac90-82f646a91fb2
upload_attempt,u-1046,2025-10-28T16:21:09Z,"{}",b490abf7-157c-4258-8045-8d13a28d6248
quota_near_limit,u-1025,2025-10-28T17:51:27Z,"{""uploads"":8,""quota"":10,""quotaPct"":0.8}",9f61374c-d2f0-4410-8c92-278183ac708d
plan_upgraded,u-1058,2025-10-28T19:21:17Z,"{""quota"":200}",4c68ad50-96d8-44ff-8f10-d9b68ea489e5
payment_succeeded,u-1058,2025-10-28T19:20:45Z,"{""provider"":""stripe"",""amount"":200}",9639b27d-a154-4244-88f2-8b85ca291436
upload_success,u-1026,2025-10-28T20:50:38Z,"{""uploads"":1,""quota"":10,""quotaPct"":0.1}",43db94e9-3655-4c96-a12a-8546c3558227
payment_failed,u-1055,2025-10-28T22:21:53Z,"{""provider"":""stripe"",""amount"":200}",e298e63e-bccf-46f5-a790-a59cdeb46849
upload_attempt,u-1000,2025-10-28T23:51:50Z,"{}",b7f5f80d-e072-4a0a-a9b7-0c3d88dd1d05
payment_failed,u-1040,2025-10-29T01:20:59Z,"{""provider"":""stripe"",""amount"":200}",3d41e6a6-16ff-4e79-b803-5ecd916aadac
quota_near_limit,u-1019,2025-10-29T02:51:21Z,"{""uploads"":8,""quota"":10,""quotaPct"":0.8}",c6a42c67-2b5d-420a-9ee1-ecab7bef81c3
upload_failed,u-1056,2025-10-29T04:20:48Z,"{""reason"":""file_too_large""}",681f74e4-64bf-4b24-a46a-2fa834aebee9
quota_reached,u-1001,2025-10-29T05:51:25Z,"{""uploads"":10,""quota"":10,""quotaPct"":1}",a23b931f-1e2b-4527-b63b-1986adda11d9
quota_reached,u-1012,2025-10-29T07:21:09Z,"{""uploads"":10,""quota"":10,""quotaPct"":1}",502e6b24-22b3-4fa1-97ae-6a072770dc4c
quota_near_limit,u-1014,2025-10-29T08:50:45Z,"{""uploads"":8,""quota"":10,""quotaPct"":0.8}",5725a864-c9fd-4bca-9ee6-f1a1fcb96e16
upload_success,u-1052,2025-10-29T10:21:10Z,"{""uploads"":2,""quota"":10,""quotaPct"":0.2}",5d7f8d0e-d4ec-4b98-882b-2cc7990d5a54
upload_attempt,u-1049,2025-10-29T11:50:50Z,"{}",eb18885e-6967-4329-82d3-2884cf934331
plan_upgraded,u-1019,2025-10-29T13:21:56Z,"{""quota"":200}",f374f6b6-cb19-46c8-8345-5749ddfa416a
payment_succeeded,u-1019,2025-10-29T13:21:22Z,"{""provider"":""stripe"",""amount"":200}",6f5e41ca-961a-443f-9c91-6a88f2a8207b
quota_near_limit,u-1025,2025-10-29T14:51:32Z,"{""uploads"":9,""quota"":10,""quotaPct"":0.9}",851f41b3-fc01-46fe-a4d5-a06b018872da
upload_success,u-1025,2025-10-29T14:50:46Z,"{""uploads"":9,""quota"":10,""quotaPct"":0.9}",64924a6c-3b11-497d-a825-77b18784b958
quota_near_limit,u-1018,2025-10-29T16:21:31Z,"{""uploads"":8,""quota"":10,""quotaPct"":0.8}",bc6a8018-1adf-48a9-9c7e-4f84762225d4
upload_success,u-1009,2025-10-29T17:51:44Z,"{""uploads"":1,""quota"":10,""quotaPct"":0.1}",3dc160a7-c27f-48fe-ad85-1b8ea3026c68
login_success,u-1057,2025-10-29T19:20:36Z,"{""plan"":""Free""}",697c045b-f380-4625-beb7-1d52130f6f9c
upload_success,u-1053,2025-10-29T20:51:43Z,"{""uploads"":1,""quota"":10,""quotaPct"":0.1}",f29cc0a5-bbea-48af-a718-021cc7dcbbe1
login_success,u-1050,2025-10-29T22:21:06Z,"{""plan"":""Free""}",2e228c72-234b-4707-a0d1-f05efefe56d1
plan_upgraded,u-1035,2025-10-29T23:50:46Z,"{""quota"":200}",d86eac7a-a4c6-4033-b078-4e715c4be105
payment_succeeded,u-1035,2025-10-29T23:51:25Z,"{""provider"":""stripe"",""amount"":200}",88b2568f-325c-4c87-8541-6fd6ac841196
upload_attempt,u-1026,2025-10-30T01:21:00Z,"{}",275bfd1f-97b1-4038-b4df-14f0c0808614
upload_attempt,u-1046,2025-10-30T02:50:59Z,"{}",faf70f7c-2ff7-43c4-b6d9-94bf92879efc
plan_upgraded,u-1015,2025-10-30T04:21:09Z,"{""quota"":200}",75cff28c-09c1-4c4c-82b5-6f2e14f948a3
payment_succeeded,u-1015,2025-10-30T04:21:10Z,"{""provider"":""stripe"",""amount"":200}",a3cfd85c-b630-47e5-828e-856dbd998ad9
plan_upgraded,u-1052,2025-10-30T05:51:39Z,"{""quota"":200}",7960cae8-cab6-4a7e-b4a4-de4e6d852a9f
login_success,u-1011,2025-10-30T07:21:47Z,"{""plan"":""Free""}",e675581a-bdc1-452e-8306-c8f79a0485b8
payment_failed,u-1056,2025-10-30T08:50:53Z,"{""provider"":""stripe"",""amount"":200}",6c86c63d-bec5-4d9d-bf1d-a5704cc68fb9
login_success,u-1024,2025-10-30T10:21:33Z,"{""plan"":""Free""}",ac37bcdf-bb1e-4745-a648-84b793506fed
login_success,u-1050,2025-10-30T11:51:06Z,"{""plan"":""Free""}",8fef2aa3-8e75-4c6d-804a-31af28200432
upload_success,u-1035,2025-10-30T13:21:10Z,"{""uploads"":1,""quota"":200,""quotaPct"":0.005}",fd64513f-ef79-4c10-8565-4056a78649a3
logout,u-1008,2025-10-30T14:51:39Z,"{}",08c63ea1-4fae-4c2e-a4e9-2fa1c4331a46
upload_attempt,u-1050,2025-10-30T16:21:50Z,"{}",50aed6ce-53f9-4670-9c96-9b2678da0f46
upload_success,u-1044,2025-10-30T17:51:12Z,"{""uploads"":1,""quota"":10,""quotaPct"":0.1}",a02f6c57-be65-4cd3-88bc-a0e259d63e59
quota_near_limit,u-1030,2025-10-30T19:21:29Z,"{""uploads"":8,""quota"":10,""quotaPct"":0.8}",042f569d-3023-424e-887e-cdd383724057
logout,u-1027,2025-10-30T20:51:41Z,"{}",c18ee4a3-a5f4-4cd1-b666-868dc5c9db96
login_success,u-1012,2025-10-30T22:21:21Z,"{""plan"":""Free""}",038aa7d1-e49a-498d-adc8-b460df2e53ef
quota_near_limit,u-1024,2025-10-30T23:51:30Z,"{""uploads"":8,""quota"":10,""quotaPct"":0.8}",90827e78-f1ee-4f96-8626-9bf7d3ea398b
upload_failed,u-1034,2025-10-31T01:21:00Z,"{""reason"":""network_error""}",6aa8f3f0-1905-43f8-8ab2-3db0714d8696
login_success,u-1002,2025-10-31T02:51:32Z,"{""plan"":""Free""}",b4c64c1f-3039-4002-98a1-e3eac5e1c41d
register,u-1058,2025-10-31T04:21:19Z,"{""plan"":""Premium""}",63eaea5e-69b4-436b-baf5-967485cbb4ec
register,u-1036,2025-10-31T05:51:16Z,"{""plan"":""Free""}",66da35d6-e37d-49cf-9549-d1d5c5f570de
quota_near_limit,u-1034,2025-10-31T07:21:04Z,"{""uploads"":8,""quota"":10,""quotaPct"":0.8}",8bc0ecbb-49db-408d-8129-198aca01d068
upload_attempt,u-1041,2025-10-31T08:51:47Z,"{}",140d8293-b231-4676-904f-d6d993d9657c
payment_failed,u-1057,2025-10-31T10:21:48Z,"{""provider"":""stripe"",""amount"":200}",306e91bf-7020-4d87-8399-7f4960ab620d
login_failed,u-1033,2025-10-31T11:51:23Z,"{""reason"":""rate_limit""}",be76c18a-f16c-4f07-b017-8d7a206b989a
login_success,u-1051,2025-10-31T13:21:12Z,"{""plan"":""Free""}",17ef17e9-9db7-474d-aef1-8eb5c795c8ae
plan_upgraded,u-1001,2025-10-31T14:50:50Z,"{""quota"":200}",40b169a7-2241-40f0-9ebc-00bbf8129d61
login_success,u-1027,2025-10-31T16:20:52Z,"{""plan"":""Free""}",ac47ac03-9051-4f3c-8bf6-79ae0c0e7582
payment_failed,u-1032,2025-10-31T17:51:15Z,"{""provider"":""stripe"",""amount"":200}",a6e303b4-bc10-4d5f-8f6f-95fb8d4ffdc9
upload_failed,u-1035,2025-10-31T19:21:37Z,"{""reason"":""network_error""}",2fbd737f-e5dd-48f8-84e1-98d6cceda4ec
plan_upgraded,u-1054,2025-10-31T20:50:43Z,"{""quota"":200}",27f97f37-72d3-4da2-93fe-ffbf399de217
login_success,u-1033,2025-10-31T22:21:41Z,"{""plan"":""Free""}",c5358858-d697-4a9a-a380-471ec5488426
upload_attempt,u-1018,2025-10-31T23:51:08Z,"{}",4727c1bd-96e2-4ca8-89e4-2f4e7de7d2c6
plan_downgraded,u-1055,2025-11-01T01:20:58Z,"{""quota"":10}",b3904d0c-c1ca-4db5-9dcb-2983ef64c00d
login_success,u-1051,2025-11-01T02:51:28Z,"{""plan"":""Free""}",9f6105c4-4b1f-42af-b3b4-5c8a4bbf95cb
login_success,u-1027,2025-11-01T04:20:47Z,"{""plan"":""Free""}",9a304fb2-dbcc-4072-ae14-7a63422a67c9
plan_upgraded,u-1007,2025-11-01T05:50:47Z,"{""quota"":200}",d4a827ca-48a8-4dee-b005-af1e134be016
register,u-1045,2025-11-01T07:20:35Z,"{""plan"":""Free""}",86044880-15ca-4d39-8304-61a84f2e8037
login_success,u-1048,2025-11-01T08:51:38Z,"{""plan"":""Free""}",5814a517-826a-4693-8948-ddcabeb6e55d
logout,u-1021,2025-11-01T10:21:19Z,"{}",77ba8edb-5c35-417f-8f16-c546e96f6e53
retention_over_2min,u-1012,2025-11-01T11:51:50Z,"{}",32f00fd2-02ce-41aa-868f-cc4640f0fe53
logout,u-1032,2025-11-01T13:21:43Z,"{}",0d69f20d-c2fb-4323-9448-ee1166844ddb
login_success,u-1050,2025-11-01T14:50:39Z,"{""plan"":""Free""}",91aefb06-1f3b-4b29-8a57-0db45452e733
quota_reached,u-1025,2025-11-01T16:21:22Z,"{""uploads"":10,""quota"":10,""quotaPct"":1}",84fa0085-ff3d-49ab-973a-5c26beea1a68
upload_success,u-1025,2025-11-01T16:21:49Z,"{""uploads"":10,""quota"":10,""quotaPct"":1}",2962a845-6db7-44c8-9e52-a07dad6dea5e
logout,u-1041,2025-11-01T17:51:20Z,"{}",a0782274-de21-4eab-966a-1e1a7204e4b7
login_success,u-1047,2025-11-01T19:20:56Z,"{""plan"":""Free""}",18f75bab-8451-46a0-9e97-eb23f1134761
upload_attempt,u-1052,2025-11-01T20:51:42Z,"{}",dc46d54a-24d5-4679-aa36-0489b5f5d895
login_failed,u-1006,2025-11-01T22:20:35Z,"{""reason"":""rate_limit""}",8adac9ee-3101-43ee-8b7e-1f7f22040793
login_success,u-1022,2025-11-01T23:51:11Z,"{""plan"":""Free""}",ed482e4d-35c9-4d79-9118-b03fd5e8cdd7
plan_upgraded,u-1058,2025-11-02T01:21:23Z,"{""quota"":200}",2bcdecb1-62e2-420b-87cd-17abb9e0641e
payment_succeeded,u-1058,2025-11-02T01:20:45Z,"{""provider"":""stripe"",""amount"":200}",c1b86175-2762-46b6-ab26-15c6bc06598b
retention_over_2min,u-1009,2025-11-02T02:51:47Z,"{}",1d8ac2f4-4e27-4dd8-8468-0790dc710d54
upload_success,u-1005,2025-11-02T04:20:50Z,"{""uploads"":1,""quota"":10,""quotaPct"":0.1}",dbd7c4e5-8d02-48a4-840c-2a5eb9ea8f77
register,u-1000,2025-11-02T05:50:42Z,"{""plan"":""Free""}",6d2a63b9-472b-4ed5-9da9-649d6607bcd1
login_success,u-1047,2025-11-02T07:21:40Z,"{""plan"":""Free""}",55ae0e0b-f00d-4e9b-8cc3-f695895142a9
login_success,u-1027,2025-11-02T08:51:32Z,"{""plan"":""Free""}",44a9a31c-6f33-486a-89c7-630909316c14
retention_over_2min,u-1037,2025-11-02T10:20:59Z,"{}",e7f39ffe-d1d9-48a6-b096-6ee16b433514
retention_over_2min,u-1030,2025-11-02T11:50:52Z,"{}",070865d8-d00a-447c-bd90-dd8182564cfe
retention_over_2min,u-1041,2025-11-02T13:21:12Z,"{}",148a2eb4-801f-46b9-a520-e7c72421ca69
logout,u-1051,2025-11-02T14:50:42Z,"{}",bee84a54-fc7a-40ad-87ed-d964d4a9a93a
upload_failed,u-1042,2025-11-02T16:21:39Z,"{""reason"":""network_error""}",1fcd0d00-408f-418f-bc06-60917bf1dc42
retention_over_2min,u-1056,2025-11-02T17:51:31Z,"{}",c7a62271-972e-4f06-8615-c10d963ba89e
upload_attempt,u-1003,2025-11-02T19:21:15Z,"{}",7396d071-7ccc-4044-9e74-df40612444ce
login_success,u-1037,2025-11-02T20:50:52Z,"{""plan"":""Free""}",6ac6f3e2-c9bd-4de3-836d-ae7be935f916
logout,u-1048,2025-11-02T22:21:11Z,"{}",bea0c5a4-c9e1-4fbb-89be-6f0488a4ad19
logout,u-1043,2025-11-02T23:51:40Z,"{}",b4a55d0d-66cf-4c4a-8ca4-5e9f919d6aa2
login_failed,u-1035,2025-11-03T01:20:45Z,"{""reason"":""captcha_failed""}",afeb80ef-a346-4685-b423-bef830c6c8d3
logout,u-1014,2025-11-03T02:50:59Z,"{}",842918b0-3dc3-4390-ab9b-8028f9c318eb
upload_attempt,u-1044,2025-11-03T04:21:16Z,"{}",58ce6ad5-c250-4e98-93fd-79556950325f
retention_over_2min,u-1035,2025-11-03T05:50:54Z,"{}",ea1f97ed-675f-4c69-b817-667acdd80c1f
quota_near_limit,u-1010,2025-11-03T07:20:35Z,"{""uploads"":8,""quota"":10,""quotaPct"":0.8}",4ef4707b-c02a-4b9d-833d-d41d68e4e686
login_success,u-1016,2025-11-03T08:51:10Z,"{""plan"":""Free""}",7064ab60-def4-4745-b4d9-074050cec5d3
upload_failed,u-1018,2025-11-03T10:21:08Z,"{""reason"":""timeout""}",fc19fd24-286b-457d-ac4c-f94b49f45cc0
plan_upgraded,u-1017,2025-11-03T11:51:33Z,"{""quota"":200}",28904df3-f263-4f5e-a73a-8b4c7a32eb1f
logout,u-1044,2025-11-03T13:21:03Z,"{}",4f489bf9-ad13-41cd-a909-def5c9e18c3f
login_success,u-1008,2025-11-03T14:51:06Z,"{""plan"":""Free""}",17a01754-6175-4311-a429-914714da3348
upload_attempt,u-1037,2025-11-03T16:21:17Z,"{}",13739802-b371-4dbe-a829-7e3c397cf3da
logout,u-1059,2025-11-03T17:51:50Z,"{}",56ae66d0-5457-4918-ba46-8a945e0ded26
upload_success,u-1001,2025-11-03T19:20:47Z,"{""uploads"":11,""quota"":200,""quotaPct"":0.055}",6c989275-6e24-4f6a-bed5-d89f9f8c62ce
upload_attempt,u-1052,2025-11-03T20:51:27Z,"{}",b78b4295-9050-4196-a8cc-da63ef8ec5bc
plan_upgraded,u-1055,2025-11-03T22:21:20Z,"{""quota"":200}",1e82d181-b227-4ba0-9aed-976cd2530c46
payment_succeeded,u-1055,2025-11-03T22:21:20Z,"{""provider"":""stripe"",""amount"":200}",cf67ede9-57d4-4590-a4c8-0f3cf49aea04
upload_attempt,u-1039,2025-11-03T23:51:42Z,"{}",2c111175-ac6f-4c27-8eef-9f09678d0ff1
login_success,u-1035,2025-11-04T01:20:45Z,"{""plan"":""Premium""}",9569400a-0b4f-4ad7-aaa5-a755fc7ab62f
register,u-1025,2025-11-04T02:50:35Z,"{""plan"":""Free""}",cc099b5d-47ac-42dc-9ed5-edef38ce171d
upload_attempt,u-1057,2025-11-04T04:20:39Z,"{}",86ed808c-12d7-409d-9c2f-a5774d8fd664
quota_near_limit,u-1015,2025-11-04T05:51:49Z,"{""uploads"":160,""quota"":200,""quotaPct"":0.8}",afc36538-1e68-44ae-b612-32d24829a030
upload_success,u-1026,2025-11-04T07:20:46Z,"{""uploads"":2,""quota"":10,""quotaPct"":0.2}",53edad5d-a15e-4c51-97a5-56781bcf7892
quota_reached,u-1012,2025-11-04T08:51:40Z,"{""uploads"":10,""quota"":10,""quotaPct"":1}",3460975f-50b3-4264-a61f-a412df97325b
upload_success,u-1012,2025-11-04T08:51:52Z,"{""uploads"":10,""quota"":10,""quotaPct"":1}",9bceb933-ade5-4b81-a8d0-89a8c3a10625
retention_over_2min,u-1044,2025-11-04T10:20:34Z,"{}",b0ac5b5b-83c8-4f17-9eba-4e0223a3b38b
upload_success,u-1054,2025-11-04T11:50:36Z,"{""uploads"":1,""quota"":200,""quotaPct"":0.005}",9aa74b5a-c66d-462a-bdf5-1ed697535d3b
quota_reached,u-1050,2025-11-04T13:21:37Z,"{""uploads"":10,""quota"":10,""quotaPct"":1}",8965e29c-5555-41cf-bbd8-fc1e0db0ddd4
upload_success,u-1005,2025-11-04T14:51:40Z,"{""uploads"":2,""quota"":10,""quotaPct"":0.2}",6aeca33d-edc2-4fea-9435-8a41f8818b4f
logout,u-1018,2025-11-04T16:20:52Z,"{}",3677f309-4f6e-47a7-b01c-8f9a25a11a2b
upload_attempt,u-1042,2025-11-04T17:51:39Z,"{}",3ae34d59-7022-4dda-8be2-85d68b853b78
quota_near_limit,u-1058,2025-11-04T19:21:20Z,"{""uploads"":160,""quota"":200,""quotaPct"":0.8}",0bf6c943-7238-4025-b917-3a79d577f1de
logout,u-1033,2025-11-04T20:51:16Z,"{}",a54abb28-d79f-4df6-8a6f-aad70cb6d3b1
plan_upgraded,u-1033,2025-11-04T22:20:41Z,"{""quota"":200}",a8445b22-3884-4ac9-ada3-1180d8000938
upload_success,u-1044,2025-11-04T23:51:22Z,"{""uploads"":2,""quota"":10,""quotaPct"":0.2}",935b8978-0b39-4488-b494-77d3b813c7a4
login_success,u-1044,2025-11-05T01:20:43Z,"{""plan"":""Free""}",cf911cd0-f71a-492c-b522-4a559bbe089e
login_success,u-1056,2025-11-05T02:51:31Z,"{""plan"":""Free""}",e5dc49ff-9c5c-4ee5-b221-d536ba432e04
quota_near_limit,u-1037,2025-11-05T04:21:25Z,"{""uploads"":9,""quota"":10,""quotaPct"":0.9}",8910eeeb-cee0-4fb2-a04c-a86f0dd01036
upload_success,u-1037,2025-11-05T04:20:56Z,"{""uploads"":9,""quota"":10,""quotaPct"":0.9}",0395e10b-2250-4294-acd5-76a3be685aff
upload_attempt,u-1020,2025-11-05T05:50:46Z,"{}",bf2788da-f145-4f6d-ac37-76c9e13c47c3
upload_attempt,u-1043,2025-11-05T07:21:42Z,"{}",558488b3-9a59-4ec2-9f9b-97c50d6d1c37
login_success,u-1037,2025-11-05T08:51:37Z,"{""plan"":""Free""}",1ef0b242-2e1d-4b73-8899-b03f187b01ac
login_success,u-1021,2025-11-05T10:20:55Z,"{""plan"":""Free""}",632b95c0-e327-4754-a78f-40b2e3ad3d00
login_success,u-1056,2025-11-05T11:51:47Z,"{""plan"":""Free""}",62698e0a-bcaa-4825-945f-9980befb8912
quota_reached,u-1050,2025-11-05T13:21:42Z,"{""uploads"":10,""quota"":10,""quotaPct"":1}",c3e2a7e9-48ba-4c21-8f4a-e0f385afdd94
register,u-1032,2025-11-05T14:50:54Z,"{""plan"":""Free""}",9fcff1ab-2e6c-4ade-8baf-6eddc53ca309
upload_failed,u-1034,2025-11-05T16:21:03Z,"{""reason"":""network_error""}",732b6bab-12a0-48b8-8dca-27308559e6a9
logout,u-1014,2025-11-05T17:51:21Z,"{}",60ec0072-fbd3-41dc-a2b3-5384d9bc45c3
register,u-1002,2025-11-05T19:20:50Z,"{""plan"":""Free""}",bf79fb8b-150d-4c01-ab83-c61a8d4bcdce
payment_failed,u-1003,2025-11-05T20:50:53Z,"{""provider"":""stripe"",""amount"":200}",32fe04fe-d56a-4c52-98b3-6505fc1882a2
login_success,u-1051,2025-11-05T22:20:42Z,"{""plan"":""Free""}",e78a5fa9-18a3-467b-9d5e-3181fc2ba3bf
logout,u-1045,2025-11-05T23:50:47Z,"{}",49937392-88a7-40d0-b81a-c3f5866f488c
login_success,u-1058,2025-11-06T01:20:40Z,"{""plan"":""Premium""}",8deb072a-a135-492d-806f-126ea6a5a443
plan_upgraded,u-1052,2025-11-06T02:50:35Z,"{""quota"":200}",05b47672-e22a-44f3-80a5-d7537f26b999
login_success,u-1058,2025-11-06T04:20:35Z,"{""plan"":""Premium""}",2a91ce2c-5779-4055-9808-5329576800b7
retention_over_2min,u-1000,2025-11-06T05:51:27Z,"{}",d8c331a4-85e3-4b74-a116-cbf931e17e84
logout,u-1043,2025-11-06T07:20:53Z,"{}",211ffbcf-f981-4782-a26a-771302bfce4e
upload_attempt,u-1033,2025-11-06T08:50:49Z,"{}",cae9ae25-b829-4383-afcc-81ca1a179abc
retention_over_2min,u-1007,2025-11-06T10:21:53Z,"{}",faf06097-4a79-4a75-91fb-0855ef624e72
logout,u-1017,2025-11-06T11:51:47Z,"{}",ec5e7f61-67a7-4bfd-b0f3-948bd0dba7e1
usage_reset,u-1044,2025-11-06T13:21:27Z,"{""plan"":""Free""}",8680a378-b8e2-4c93-84d7-f5d4e27c0121
quota_reached,u-1004,2025-11-06T14:51:00Z,"{""uploads"":10,""quota"":10,""quotaPct"":1}",7c1cfe52-2ea9-4ef4-8479-d29f28b568cf
upload_attempt,u-1042,2025-11-06T16:20:44Z,"{}",1672cd48-abca-4d5b-aeae-88d2eb30488d
logout,u-1040,2025-11-06T17:51:05Z,"{}",0981d224-23f3-4fb7-a384-d20e1bcaa728
upload_success,u-1024,2025-11-06T19:20:51Z,"{""uploads"":9,""quota"":10,""quotaPct"":0.9}",db8a36a0-8b64-4ea5-9d6e-e1323b815677
upload_failed,u-1047,2025-11-06T20:50:42Z,"{""reason"":""timeout""}",c983e531-94f5-4c80-9646-a75dd7739f28
retention_over_2min,u-1052,2025-11-06T22:21:22Z,"{}",02d75c6c-f400-4cd7-8e66-d5d81cd00711
upload_success,u-1030,2025-11-06T23:50:50Z,"{""uploads"":9,""quota"":10,""quotaPct"":0.9}",8080ff61-9788-4414-b4bb-e010efd13865
quota_near_limit,u-1009,2025-11-07T01:21:53Z,"{""uploads"":8,""quota"":10,""quotaPct"":0.8}",7130a140-31f4-4ba8-b815-d2140926a69e
login_success,u-1011,2025-11-07T02:51:45Z,"{""plan"":""Free""}",bc998ac5-23f1-4d9a-8b52-4609c33d8994
quota_near_limit,u-1009,2025-11-07T04:21:12Z,"{""uploads"":8,""quota"":10,""quotaPct"":0.8}",e1cd39c0-3965-47f0-8d4e-b2dc35e9639c
plan_upgraded,u-1034,2025-11-07T05:50:55Z,"{""quota"":200}",2b948ae6-f78a-40de-ace5-69ea740c643a
payment_succeeded,u-1034,2025-11-07T05:51:12Z,"{""provider"":""stripe"",""amount"":200}",38f17979-dd19-4f2e-9fb6-e24fedd833d8
upload_success,u-1020,2025-11-07T07:21:10Z,"{""uploads"":1,""quota"":10,""quotaPct"":0.1}",55c44595-e5cd-4b92-b084-641467207ccd
login_success,u-1007,2025-11-07T08:50:38Z,"{""plan"":""Premium""}",1e132daa-fb08-47c7-bfef-7fe639b66093
payment_failed,u-1059,2025-11-07T10:21:09Z,"{""provider"":""stripe"",""amount"":200}",ffd99edd-c64b-4a75-beea-c6270bbd6c54
logout,u-1035,2025-11-07T11:51:40Z,"{}",9e0455a4-a9db-4ced-bda8-bdeb8b15d71f
logout,u-1050,2025-11-07T13:21:36Z,"{}",450313ff-1c17-485c-a0d2-ad76ab81bc1a
plan_upgraded,u-1012,2025-11-07T14:50:40Z,"{""quota"":200}",f6177aaf-3a13-4977-95f2-53cb70444489
upload_success,u-1041,2025-11-07T16:20:55Z,"{""uploads"":1,""quota"":10,""quotaPct"":0.1}",f06eb821-0eb4-439b-b23a-327d464cc9cd
plan_upgraded,u-1045,2025-11-07T17:51:17Z,"{""quota"":200}",b5a1802f-bd54-45fe-9cb1-6bfe85e4f2d2
payment_succeeded,u-1045,2025-11-07T17:51:35Z,"{""provider"":""stripe"",""amount"":200}",66a2fb99-021d-46f7-80be-ca0c53dc4db2
quota_near_limit,u-1015,2025-11-07T19:21:58Z,"{""uploads"":161,""quota"":200,""quotaPct"":0.805}",8a96e21c-8bcd-4b19-b201-bdb84af33be5
upload_success,u-1015,2025-11-07T19:21:04Z,"{""uploads"":161,""quota"":200,""quotaPct"":0.805}",72c09d09-c8d7-4dba-8eea-d528d270135d
upload_attempt,u-1006,2025-11-07T20:51:31Z,"{}",a2b4168b-0641-4da0-a7f9-912c1a1df515
login_success,u-1032,2025-11-07T22:21:00Z,"{""plan"":""Free""}",d2466e71-3cbf-4f6f-8e0f-cc09d454fe4f
quota_near_limit,u-1058,2025-11-07T23:51:33Z,"{""uploads"":160,""quota"":200,""quotaPct"":0.8}",9333a07f-e799-45a6-8fe7-40fd00a5059f
upload_attempt,u-1051,2025-11-08T01:20:34Z,"{}",e19e7931-9a1f-4d3c-ac75-6d6af7d8d537
upload_failed,u-1044,2025-11-08T02:51:06Z,"{""reason"":""timeout""}",2cceb52a-ce0d-474a-9dbb-c3742d1370e0
upload_success,u-1024,2025-11-08T04:20:49Z,"{""uploads"":10,""quota"":10,""quotaPct"":1}",c963abc6-e49b-4230-995d-cbcc8542e952
logout,u-1050,2025-11-08T05:50:46Z,"{}",7c01b0f4-843c-4398-b203-6b26387afc16
upload_success,u-1038,2025-11-08T07:21:10Z,"{""uploads"":1,""quota"":10,""quotaPct"":0.1}",7b537b65-088b-437d-bd97-83949e976642
login_success,u-1036,2025-11-08T08:51:51Z,"{""plan"":""Free""}",bc22d6bd-cb5c-4115-a80e-9aac6b4e646d
login_success,u-1013,2025-11-08T10:21:07Z,"{""plan"":""Free""}",e59134c7-a94f-4791-8ad0-f0d2c2d1486b
logout,u-1027,2025-11-08T11:51:26Z,"{}",2795879d-99d3-4c40-9ccf-fdcf38d77ee2
logout,u-1022,2025-11-08T13:21:49Z,"{}",c114a59d-84a2-4371-86cd-17d607a11bce
login_success,u-1050,2025-11-08T14:51:31Z,"{""plan"":""Free""}",dea64820-18fe-47a0-9448-bf06a8ad90e5
logout,u-1011,2025-11-08T16:21:04Z,"{}",f39c4b28-345d-4327-8192-bfd79b659057
upload_success,u-1040,2025-11-08T17:50:41Z,"{""uploads"":1,""quota"":10,""quotaPct"":0.1}",84b66f35-cd70-4875-abb1-f877b115d94f
quota_near_limit,u-1041,2025-11-08T19:21:52Z,"{""uploads"":8,""quota"":10,""quotaPct"":0.8}",2eaa1733-8a25-4113-afaf-4a24fd3efd95
quota_reached,u-1028,2025-11-08T20:51:38Z,"{""uploads"":10,""quota"":10,""quotaPct"":1}",3022673a-0bb9-4351-8563-7af8b930947f
login_success,u-1046,2025-11-08T22:20:46Z,"{""plan"":""Free""}",000682fe-94e4-4986-8443-ff607f59abe7
upload_success,u-1057,2025-11-08T23:51:43Z,"{""uploads"":1,""quota"":10,""quotaPct"":0.1}",8cc705c5-d844-42b1-9811-aebcaa03db2c
login_success,u-1041,2025-11-09T01:20:53Z,"{""plan"":""Free""}",fa9a9201-6c3c-45c0-bcb5-48764c9c58a4
logout,u-1025,2025-11-09T02:51:37Z,"{}",59369762-1638-4f0b-8cf4-3f5122bf75a6
retention_over_2min,u-1054,2025-11-09T04:21:22Z,"{}",c347e696-f06d-4da6-8487-f2d59318e8e5
logout,u-1042,2025-11-09T05:51:19Z,"{}",e7fe7728-f0bd-4e75-84a2-e5cfcd9fd562
logout,u-1042,2025-11-09T07:21:46Z,"{}",a43cafd7-b728-4eea-a8f5-04bae525aed1
retention_over_2min,u-1037,2025-11-09T08:50:46Z,"{}",d8c57dfb-c664-4be6-ae4e-5d0fa4aef643
upload_success,u-1002,2025-11-09T10:20:47Z,"{""uploads"":1,""quota"":10,""quotaPct"":0.1}",8e470f07-1f87-48c6-8e2e-fc6fe8b17f75
usage_reset,u-1027,2025-11-09T11:50:39Z,"{""plan"":""Free""}",79aa75a5-f16b-422c-9453-abde2d974fcc
upload_success,u-1006,2025-11-09T13:20:50Z,"{""uploads"":1,""quota"":10,""quotaPct"":0.1}",f0ee4e37-a17d-4382-8dfc-288edfe1e978
login_success,u-1006,2025-11-09T14:51:49Z,"{""plan"":""Free""}",a4f4356a-bb5f-4379-95ae-f528474c7a1a
retention_over_2min,u-1057,2025-11-09T16:21:31Z,"{}",bd40d745-8063-4eab-bee6-2461a5588ed3
retention_over_2min,u-1032,2025-11-09T17:51:09Z,"{}",9ce2866b-612e-4c05-b8cc-303c1cfd01c5
register,u-1023,2025-11-09T19:20:34Z,"{""plan"":""Free""}",c0c4a29e-b71f-4f98-b405-7e61e4230e89
upload_attempt,u-1035,2025-11-09T20:51:31Z,"{}",c33f55ea-4c94-4772-871e-8de62db2aeb2
upload_success,u-1047,2025-11-09T22:20:34Z,"{""uploads"":1,""quota"":10,""quotaPct"":0.1}",6b5ecb34-c8c8-4d79-accf-d501f5b3f399
register,u-1007,2025-11-09T23:50:56Z,"{""plan"":""Premium""}",1e6e902d-8b26-40c2-8783-e600e73968ab
login_success,u-1029,2025-11-10T01:21:38Z,"{""plan"":""Free""}",38778fdb-160b-4f6b-b096-cb18f2347e9e
login_failed,u-1040,2025-11-10T02:50:44Z,"{""reason"":""rate_limit""}",5574749a-f36d-484a-b1ed-dc30b7fecf13
login_success,u-1052,2025-11-10T04:20:35Z,"{""plan"":""Premium""}",5bd8336d-95cf-437f-8f18-47a28a0aa245
login_success,u-1050,2025-11-10T05:51:35Z,"{""plan"":""Free""}",9a204941-d22b-4565-997f-2f2b15cc2dbc
quota_reached,u-1020,2025-11-10T07:21:04Z,"{""uploads"":10,""quota"":10,""quotaPct"":1}",8bdc90c6-1bc5-4a88-a550-9de4414bd7ab
logout,u-1007,2025-11-10T08:51:29Z,"{}",d6f83ed5-94cf-43fa-9b92-e172f2090163
plan_downgraded,u-1017,2025-11-10T10:21:11Z,"{""quota"":10}",6dd32be5-5c13-41f0-944c-aff9cdde1899
retention_over_2min,u-1040,2025-11-10T11:51:20Z,"{}",b30cbfa5-6b65-43bf-8f0f-b9488d8797fa
login_success,u-1015,2025-11-10T13:21:28Z,"{""plan"":""Premium""}",80771a1c-d25c-4c80-af39-9e8045b93238
login_success,u-1054,2025-11-10T14:50:51Z,"{""plan"":""Premium""}",46bd2281-7794-42b7-9844-0ed7fb88fddd
login_success,u-1015,2025-11-10T16:20:40Z,"{""plan"":""Premium""}",cfe70589-f77c-49d2-be1f-e63e259ec292
logout,u-1018,2025-11-10T17:51:31Z,"{}",c1fa5daa-a82b-4a3a-9e53-1ac4a52aba85
upload_success,u-1003,2025-11-10T19:21:08Z,"{""uploads"":1,""quota"":10,""quotaPct"":0.1}",6fa9c226-10e0-4d4e-80d4-1750aead82df
plan_upgraded,u-1054,2025-11-10T20:50:46Z,"{""quota"":200}",1f29bfd3-6b2a-4382-be25-ff54148e0f7e
payment_succeeded,u-1054,2025-11-10T20:51:15Z,"{""provider"":""stripe"",""amount"":200}",6ad55382-4682-4a7d-971f-1b398128effc
upload_failed,u-1028,2025-11-10T22:21:28Z,"{""reason"":""network_error""}",91f2b592-c405-4f21-b5e1-98cf68806791
upload_success,u-1009,2025-11-10T23:51:39Z,"{""uploads"":9,""quota"":10,""quotaPct"":0.9}",81871b6d-e324-4195-93a1-da18c2189472
logout,u-1031,2025-11-11T01:21:36Z,"{}",7ab83cdf-9b6c-43dd-88a0-2c6f6efd6998
logout,u-1056,2025-11-11T02:51:16Z,"{}",ee58bc91-50e8-4229-882b-07beb620f033
usage_reset,u-1059,2025-11-11T04:20:59Z,"{""plan"":""Free""}",170c02ef-a884-45ba-bf8b-7db1c3040fbd
upload_success,u-1042,2025-11-11T05:51:17Z,"{""uploads"":1,""quota"":10,""quotaPct"":0.1}",1a0746ec-8bac-445a-8563-f33a5e391fca
plan_downgraded,u-1040,2025-11-11T07:21:49Z,"{""quota"":10}",e28d8cfd-c6d4-4907-9755-c0828220f91b
upload_success,u-1046,2025-11-11T08:50:41Z,"{""uploads"":1,""quota"":10,""quotaPct"":0.1}",332793bf-49d5-4a5e-ae11-ef5f9ca6d49c
quota_near_limit,u-1038,2025-11-11T10:20:36Z,"{""uploads"":8,""quota"":10,""quotaPct"":0.8}",9c4e92ac-83ab-42ff-80f5-8a7a688d41f0
register,u-1056,2025-11-11T11:50:45Z,"{""plan"":""Free""}",406702c2-c1b2-4d29-a99e-ef5d858ad64f
plan_upgraded,u-1043,2025-11-11T13:21:15Z,"{""quota"":200}",43d68f70-ff7a-4b4a-a66c-316e6d506a08
payment_succeeded,u-1043,2025-11-11T13:21:39Z,"{""provider"":""stripe"",""amount"":200}",1e7a86e2-43ed-4dc4-a913-5daea70964ac
retention_over_2min,u-1049,2025-11-11T14:51:05Z,"{}",c594653c-9d19-4961-b220-9152caaf5251
plan_upgraded,u-1013,2025-11-11T16:20:40Z,"{""quota"":200}",36221ff2-ecaf-4f02-9f73-30a0b215cc32
login_failed,u-1059,2025-11-11T17:51:01Z,"{""reason"":""captcha_failed""}",29f13cd6-2f1e-49b8-9774-6c62fbb3245e
quota_near_limit,u-1014,2025-11-11T19:20:39Z,"{""uploads"":9,""quota"":10,""quotaPct"":0.9}",4278dba4-6751-4d76-8f5b-4615ac67a669
upload_success,u-1014,2025-11-11T19:21:16Z,"{""uploads"":9,""quota"":10,""quotaPct"":0.9}",adf522ac-9f71-4b67-ac15-c8cb0c77aef9
retention_over_2min,u-1008,2025-11-11T20:51:26Z,"{}",aabdb516-b007-44ba-8038-fa67642734c1
quota_near_limit,u-1037,2025-11-11T22:21:42Z,"{""uploads"":9,""quota"":10,""quotaPct"":0.9}",62a93fad-6e97-40d4-abbd-1e93232fb233
quota_near_limit,u-1033,2025-11-11T23:51:30Z,"{""uploads"":160,""quota"":200,""quotaPct"":0.8}",052aeb20-613a-4bc9-adfe-983099ac9208
plan_upgraded,u-1055,2025-11-12T01:20:46Z,"{""quota"":200}",52cae1cc-9d8c-420a-9a42-70ec0669c8bf
login_success,u-1015,2025-11-12T02:51:29Z,"{""plan"":""Premium""}",acc44c56-b414-4df7-94d3-c23a783ad29e
upload_attempt,u-1042,2025-11-12T04:21:12Z,"{}",a09c151e-0cd2-45a3-8741-bca46596b569
logout,u-1006,2025-11-12T05:50:41Z,"{}",1e9711fd-0fe2-4e4d-9be8-f7d3ba1a6ea7
login_success,u-1031,2025-11-12T07:20:53Z,"{""plan"":""Free""}",478f5ebd-ae12-4c2b-be6c-c1bf325a1a23
plan_upgraded,u-1051,2025-11-12T08:51:01Z,"{""quota"":200}",272bf2d4-6471-40df-9579-a4f94d58643b
payment_succeeded,u-1051,2025-11-12T08:50:57Z,"{""provider"":""stripe"",""amount"":200}",eb129764-5a71-4215-b759-9dfad56c3078
upload_attempt,u-1049,2025-11-12T10:21:26Z,"{}",5bcb74e6-1bbe-4966-bf23-f9c94d534950
quota_near_limit,u-1009,2025-11-12T11:51:16Z,"{""uploads"":9,""quota"":10,""quotaPct"":0.9}",5bc6fa98-c56f-4ece-bbb2-e1f64a71e44a
retention_over_2min,u-1008,2025-11-12T13:21:51Z,"{}",3fe3b3b4-274c-4463-b547-0a5b77e32d52
quota_reached,u-1046,2025-11-12T14:50:52Z,"{""uploads"":10,""quota"":10,""quotaPct"":1}",372cde9c-6ca9-4bd8-b4b3-aeee53a3ce62
register,u-1009,2025-11-12T16:20:38Z,"{""plan"":""Free""}",9f5cc2fa-12d4-46b7-91db-0c94b2e5685f
logout,u-1049,2025-11-12T17:51:45Z,"{}",76fefd7e-7138-4ecf-8b19-0292fa8bf52b
upload_success,u-1042,2025-11-12T19:20:52Z,"{""uploads"":2,""quota"":10,""quotaPct"":0.2}",5cc1c1fc-2847-4ed4-b066-edf625b91a6a
payment_failed,u-1034,2025-11-12T20:51:34Z,"{""provider"":""stripe"",""amount"":200}",86a8485d-d6a6-4e55-a585-ba0dce387ee2
upload_success,u-1020,2025-11-12T22:20:35Z,"{""uploads"":10,""quota"":10,""quotaPct"":1}",0a7eb4c1-2eb0-46a7-b378-3d2d8f479324
upload_success,u-1048,2025-11-12T23:51:20Z,"{""uploads"":1,""quota"":10,""quotaPct"":0.1}",97463ccf-4512-4913-ac4d-02774f1acd81
quota_near_limit,u-1011,2025-11-13T01:21:21Z,"{""uploads"":8,""quota"":10,""quotaPct"":0.8}",310c4dda-421b-4669-a6ab-5cc0a5a303b9
upload_success,u-1002,2025-11-13T02:50:46Z,"{""uploads"":2,""quota"":10,""quotaPct"":0.2}",143746d6-81b0-4747-9b82-43599077d3aa
logout,u-1053,2025-11-13T04:21:45Z,"{}",de3fccba-44ca-45f9-a2e7-7ad89db3087b
plan_upgraded,u-1044,2025-11-13T05:50:49Z,"{""quota"":200}",f04a52bd-28bc-4c6b-ae08-b9025bac5e57
payment_succeeded,u-1044,2025-11-13T05:50:54Z,"{""provider"":""stripe"",""amount"":200}",ca287588-4755-4ba7-82f7-b2c8d034d859
login_success,u-1045,2025-11-13T07:21:01Z,"{""plan"":""Premium""}",298beb2d-012f-4b5c-9ac8-fcd79a07c91e
retention_over_2min,u-1012,2025-11-13T08:50:36Z,"{}",9885aebc-3d36-424c-b089-9d6c1b7ed4a6
upload_success,u-1021,2025-11-13T10:21:24Z,"{""uploads"":1,""quota"":10,""quotaPct"":0.1}",2c8801bd-c45b-42da-bf23-50bd6b60b86f
plan_upgraded,u-1012,2025-11-13T11:51:12Z,"{""quota"":200}",bc84911b-9505-4ad7-a97d-6176f6251252
payment_succeeded,u-1012,2025-11-13T11:51:11Z,"{""provider"":""stripe"",""amount"":200}",bea6bf22-5692-4b70-936a-6d33454cbcc7
upload_success,u-1000,2025-11-13T13:20:56Z,"{""uploads"":1,""quota"":10,""quotaPct"":0.1}",4acf9572-25ca-4995-b365-c45d2cd941a0
register,u-1015,2025-11-13T14:51:05Z,"{""plan"":""Premium""}",493f2644-1234-4e90-92f9-1a5a09524c7b
upload_success,u-1051,2025-11-13T16:21:45Z,"{""uploads"":2,""quota"":200,""quotaPct"":0.01}",6fcec813-5672-44e1-85b5-17efe10bebf2
logout,u-1026,2025-11-13T17:51:41Z,"{}",d64e583f-e04c-46f5-a36b-b9e208234ba5
logout,u-1050,2025-11-13T19:21:52Z,"{}",d9365027-6797-44e5-be4c-f467cbe684f5
upload_failed,u-1043,2025-11-13T20:51:33Z,"{""reason"":""file_too_large""}",1468037a-0a98-4009-bfd2-452bf18c0c93
logout,u-1051,2025-11-13T22:21:12Z,"{}",a2db60a2-d77b-4699-ac3e-24b3a7a93f45
login_success,u-1050,2025-11-13T23:51:05Z,"{""plan"":""Free""}",1f41da93-e6ac-43a4-bf6c-dd9f581f0ffd
usage_reset,u-1038,2025-11-14T01:20:52Z,"{""plan"":""Free""}",dd323d69-673e-48d9-bee9-9dc7a3378b42
upload_attempt,u-1006,2025-11-14T02:51:33Z,"{}",43c50713-c74a-4605-a060-d9bcfd7627bf
login_success,u-1036,2025-11-14T04:21:39Z,"{""plan"":""Free""}",9f24ddd7-8c4f-4a09-961e-cd8a68abdbab
upload_success,u-1009,2025-11-14T05:50:53Z,"{""uploads"":10,""quota"":10,""quotaPct"":1}",3a2281e2-9e1f-4816-9bf8-b58768334c6f
plan_upgraded,u-1036,2025-11-14T07:21:57Z,"{""quota"":200}",b8a2496b-e6b2-4946-9c6a-c5dd90e404a1
payment_succeeded,u-1036,2025-11-14T07:21:23Z,"{""provider"":""stripe"",""amount"":200}",2f355251-85e1-4d36-bb8b-101c18f61d74
upload_success,u-1038,2025-11-14T08:50:49Z,"{""uploads"":1,""quota"":10,""quotaPct"":0.1}",d42298d2-7308-4f89-ad99-98db287a54ca
login_success,u-1036,2025-11-14T10:21:43Z,"{""plan"":""Premium""}",9fc2d997-cdd9-4d63-b406-47b4cfa0e73a
quota_near_limit,u-1059,2025-11-14T11:51:12Z,"{""uploads"":8,""quota"":10,""quotaPct"":0.8}",5dbedaca-56ef-48e4-9acc-56457bee38fe
login_success,u-1041,2025-11-14T13:21:10Z,"{""plan"":""Free""}",3fe28815-27bf-4eb1-8148-7318eb8104db
login_success,u-1003,2025-11-14T14:50:42Z,"{""plan"":""Free""}",7d5d52b1-5fbf-499e-b442-94d684995db9
upload_attempt,u-1011,2025-11-14T16:20:40Z,"{}",8a57ea11-13d6-4844-8583-13e05536560c
upload_success,u-1048,2025-11-14T17:51:44Z,"{""uploads"":2,""quota"":10,""quotaPct"":0.2}",68eddd0f-fbf1-4468-ac10-05d7adfd244b
retention_over_2min,u-1055,2025-11-14T19:20:58Z,"{}",616d895b-4f89-4e2a-b213-f985d2f5e02d
login_success,u-1034,2025-11-14T20:50:38Z,"{""plan"":""Premium""}",f9409c23-3ffe-4a88-b097-72b82589927b
upload_attempt,u-1027,2025-11-14T22:21:31Z,"{}",2845d33c-52f8-4c9d-a2df-a0ec19151d6e
logout,u-1057,2025-11-14T23:50:56Z,"{}",bffdba00-17b4-48ca-8aaf-a519ae2b2e38
login_success,u-1023,2025-11-15T01:20:49Z,"{""plan"":""Free""}",ec19c586-5a23-4c92-b428-c346667f1b36
upload_success,u-1005,2025-11-15T02:51:15Z,"{""uploads"":3,""quota"":10,""quotaPct"":0.3}",2831655c-3649-4fa6-9b1c-347768dfd21f
upload_attempt,u-1023,2025-11-15T04:20:56Z,"{}",e70fc723-305a-46f6-8e0e-f28224255c21
upload_attempt,u-1036,2025-11-15T05:50:54Z,"{}",56b1a622-4441-46d9-8062-f9e9cd119e3e
upload_attempt,u-1014,2025-11-15T07:20:46Z,"{}",e0d30aef-9bd3-4aa5-bb82-3fa235620c79
upload_success,u-1001,2025-11-15T08:50:42Z,"{""uploads"":12,""quota"":200,""quotaPct"":0.06}",8e61a296-def3-4f58-9db4-94132dc7e919
retention_over_2min,u-1055,2025-11-15T10:20:59Z,"{}",a07ecd1c-6d98-4a2b-92a4-4c1e1e2a91be
plan_upgraded,u-1029,2025-11-15T11:51:03Z,"{""quota"":200}",da4112cf-08a2-44d4-96be-6e8db121886b
login_success,u-1004,2025-11-15T13:21:29Z,"{""plan"":""Free""}",f3d751cd-2de5-45b5-9496-968bc31c638f
retention_over_2min,u-1049,2025-11-15T14:51:11Z,"{}",ae2ca491-3b4d-4217-bf7f-c4778faa67ff
upload_success,u-1006,2025-11-15T16:21:44Z,"{""uploads"":2,""quota"":10,""quotaPct"":0.2}",8bf97388-7a1d-47e2-8036-6c23022be740
plan_upgraded,u-1002,2025-11-15T17:51:59Z,"{""quota"":200}",0d765abf-df1c-4b56-83c5-56c1ca6a7689
payment_succeeded,u-1002,2025-11-15T17:51:13Z,"{""provider"":""stripe"",""amount"":200}",ceec5a2b-dfc3-46f0-b312-988ae476f940
upload_attempt,u-1059,2025-11-15T19:21:43Z,"{}",0ec6225f-6c24-4706-bbad-1957cbddcd71
login_success,u-1041,2025-11-15T20:51:46Z,"{""plan"":""Free""}",997b8b99-8151-424b-897a-d1d64ce2f5ab
payment_failed,u-1046,2025-11-15T22:21:19Z,"{""provider"":""stripe"",""amount"":200}",893a7350-90e9-4dc4-b570-e30385106ad8
upload_attempt,u-1054,2025-11-15T23:50:52Z,"{}",b216f5fa-215f-44f7-b107-7f81df256b61
upload_failed,u-1010,2025-11-16T01:20:55Z,"{""reason"":""file_too_large""}",6dd4a3d3-e0fd-451e-a01d-db631049727e
upload_attempt,u-1046,2025-11-16T02:51:09Z,"{}",2cbabbc1-8139-458f-b1f5-3d43476e9411
upload_attempt,u-1057,2025-11-16T04:21:08Z,"{}",1d284071-21f1-4d3d-aaa3-da1edc18851b
upload_success,u-1042,2025-11-16T05:50:54Z,"{""uploads"":3,""quota"":10,""quotaPct"":0.3}",674bca15-55b9-48a8-aaf2-b0459222b0bd
login_success,u-1026,2025-11-16T07:20:47Z,"{""plan"":""Free""}",e10e6b8d-d060-4492-b366-051bdc637c46
upload_success,u-1055,2025-11-16T08:51:44Z,"{""uploads"":1,""quota"":200,""quotaPct"":0.005}",e3303393-611d-4891-8c97-817670280fe8
quota_reached,u-1050,2025-11-16T10:20:49Z,"{""uploads"":10,""quota"":10,""quotaPct"":1}",886fcf1a-f03d-46c8-8285-242030d03c3c
upload_success,u-1050,2025-11-16T10:21:47Z,"{""uploads"":10,""quota"":10,""quotaPct"":1}",9837ad55-c3e8-4bab-be3b-6902c9e80549
login_success,u-1028,2025-11-16T11:51:17Z,"{""plan"":""Free""}",2a194d7b-726a-454d-b1ad-f87b7b8e8b20
logout,u-1049,2025-11-16T13:20:56Z,"{}",4abd6520-04a7-486d-8a0d-5bc30ef6f295
login_failed,u-1000,2025-11-16T14:51:02Z,"{""reason"":""bad password""}",6c3f3e42-b31f-4752-be2c-e8828d2b7ed2
retention_over_2min,u-1017,2025-11-16T16:20:59Z,"{}",4a25374b-8ba3-4630-9281-d33475844de4
logout,u-1027,2025-11-16T17:50:47Z,"{}",4d90835b-b8cb-41cf-8330-51357baa7cde
logout,u-1003,2025-11-16T19:20:59Z,"{}",cfc67d53-607f-445f-ac6b-25c4dc198332
upload_failed,u-1032,2025-11-16T20:50:46Z,"{""reason"":""timeout""}",6e9f70e2-8379-4464-9bc5-5bf46e356556
upload_success,u-1052,2025-11-16T22:20:47Z,"{""uploads"":3,""quota"":200,""quotaPct"":0.015}",9b0e574c-c21d-47ea-ab5e-c45f838c8813
upload_success,u-1032,2025-11-16T23:51:20Z,"{""uploads"":2,""quota"":10,""quotaPct"":0.2}",0f81d60b-b90f-4382-a8b2-d0c751edc22b
logout,u-1056,2025-11-17T01:20:58Z,"{}",fa8e2058-00eb-4f3e-8d2a-5d333bd46f74
retention_over_2min,u-1005,2025-11-17T02:50:59Z,"{}",5076d71c-2403-451b-9de2-fd7e8c22a253
upload_attempt,u-1054,2025-11-17T04:21:24Z,"{}",b2c51af3-62cc-4ec9-b329-7facc85ae22d
upload_attempt,u-1032,2025-11-17T05:51:08Z,"{}",98efb23b-df44-4e67-a78d-4682a999d727
quota_near_limit,u-1024,2025-11-17T07:20:36Z,"{""uploads"":9,""quota"":10,""quotaPct"":0.9}",dc5f2732-16b9-489a-899d-6401b7e10159
upload_attempt,u-1028,2025-11-17T08:51:32Z,"{}",d7d82a5b-19a2-42d0-9034-84490262bb50
quota_near_limit,u-1058,2025-11-17T10:20:39Z,"{""uploads"":161,""quota"":200,""quotaPct"":0.805}",4405dc08-0870-49ea-90a1-b251423642f8
upload_success,u-1058,2025-11-17T10:21:22Z,"{""uploads"":161,""quota"":200,""quotaPct"":0.805}",a7163dc5-67db-46d5-9867-cacc8be8672a
upload_success,u-1001,2025-11-17T11:51:32Z,"{""uploads"":13,""quota"":200,""quotaPct"":0.065}",804e78f8-d9a6-44f5-b688-94cf9c97e38e
payment_failed,u-1036,2025-11-17T13:21:50Z,"{""provider"":""stripe"",""amount"":200}",5d62878e-167b-46f8-aabc-f5384e623283
plan_upgraded,u-1016,2025-11-17T14:50:46Z,"{""quota"":200}",c1e1420a-712f-4807-8d1f-b103f0320263
login_success,u-1022,2025-11-17T16:20:55Z,"{""plan"":""Free""}",c9c4ed16-7dc6-401c-ba00-6486fc214d8e
quota_reached,u-1012,2025-11-17T17:51:26Z,"{""uploads"":200,""quota"":200,""quotaPct"":1}",3a946a36-7ae3-4a62-9803-fa83c6cf74d3
plan_upgraded,u-1008,2025-11-17T19:21:17Z,"{""quota"":200}",b93251db-2a40-4570-b82a-65ea812d87b4
upload_success,u-1046,2025-11-17T20:51:43Z,"{""uploads"":10,""quota"":10,""quotaPct"":1}",60bf4386-e510-4f19-8f07-386e09265553
retention_over_2min,u-1000,2025-11-17T22:20:53Z,"{}",a49ed5f1-4cf6-48e1-9584-25f517ef3a97
login_success,u-1042,2025-11-17T23:51:25Z,"{""plan"":""Free""}",4c6f3477-79f8-4ced-82cb-1316a4620f9d
plan_upgraded,u-1024,2025-11-18T01:21:05Z,"{""quota"":200}",1b5a6c59-65e2-4ec9-bd50-7b21f91071e9
payment_succeeded,u-1024,2025-11-18T01:20:59Z,"{""provider"":""stripe"",""amount"":200}",9317aae9-f096-4828-ba99-7ced26f7ecac
plan_upgraded,u-1049,2025-11-18T02:51:53Z,"{""quota"":200}",3b6a93ef-9fd7-46e4-9d2c-9991add55abc
payment_succeeded,u-1049,2025-11-18T02:51:46Z,"{""provider"":""stripe"",""amount"":200}",e2004544-9ce1-4a07-a789-9d338bc42f6e
upload_attempt,u-1039,2025-11-18T04:21:17Z,"{}",74649776-674c-4260-91e7-aaaf64b18435
logout,u-1050,2025-11-18T05:50:54Z,"{}",e8063a17-7c28-4285-89aa-eadf3d4eab67
upload_success,u-1003,2025-11-18T07:21:07Z,"{""uploads"":2,""quota"":10,""quotaPct"":0.2}",f977f4c1-ceae-49a0-8765-a53ff1f65af1
usage_reset,u-1001,2025-11-18T08:50:51Z,"{""plan"":""Premium""}",aca6018c-2482-464c-bc97-2e45ceb94881
upload_success,u-1022,2025-11-18T10:21:28Z,"{""uploads"":1,""quota"":10,""quotaPct"":0.1}",6f13c032-ee7a-4918-9979-d1ac33e66a5c
logout,u-1034,2025-11-18T11:51:12Z,"{}",ecca0995-9645-4108-9485-a6527d56da20
login_success,u-1008,2025-11-18T13:21:13Z,"{""plan"":""Premium""}",9cc59715-9b79-461f-bc4f-d48005877f37
quota_reached,u-1050,2025-11-18T14:51:52Z,"{""uploads"":10,""quota"":10,""quotaPct"":1}",4e7df498-c4a7-4e85-be7f-442bb7b85993
upload_success,u-1050,2025-11-18T14:51:47Z,"{""uploads"":10,""quota"":10,""quotaPct"":1}",808278d0-63fd-4a40-9cf0-40d2a3e0324d
login_success,u-1002,2025-11-18T16:20:48Z,"{""plan"":""Premium""}",a8ada473-7c68-4f1b-883e-59ec08bc8187
usage_reset,u-1057,2025-11-18T17:51:09Z,"{""plan"":""Free""}",9e9f41c0-3738-4240-a36c-0bb50a6aeb8e
upload_attempt,u-1045,2025-11-18T19:21:43Z,"{}",a4715d01-9bda-4f99-9134-472d5e01cbb5
upload_attempt,u-1012,2025-11-18T20:51:21Z,"{}",749c7f5a-d7ae-426a-a5b9-f798019b5247
upload_success,u-1039,2025-11-18T22:21:24Z,"{""uploads"":1,""quota"":10,""quotaPct"":0.1}",f3f3ba04-2b8e-449e-b282-03768c05b1c4
login_success,u-1002,2025-11-18T23:50:38Z,"{""plan"":""Premium""}",faa7304e-de8d-4686-8174-6a9ecb706349
upload_failed,u-1029,2025-11-19T01:21:36Z,"{""reason"":""file_too_large""}",deec7de6-08f4-44f6-b33b-f4888813475e
quota_near_limit,u-1001,2025-11-19T02:51:04Z,"{""uploads"":160,""quota"":200,""quotaPct"":0.8}",980b66a9-2ae7-474b-a82e-5fc800562030
usage_reset,u-1023,2025-11-19T04:20:50Z,"{""plan"":""Free""}",9a3e356f-b9cd-4928-a62c-54e3b4ee1fd0
login_success,u-1059,2025-11-19T05:50:52Z,"{""plan"":""Free""}",5e9e02e8-50ce-4eac-a6e1-ff2a6ae7553b
payment_failed,u-1031,2025-11-19T07:21:37Z,"{""provider"":""stripe"",""amount"":200}",ea66af71-358b-4aae-887c-f5c34b2e4a04
upload_attempt,u-1053,2025-11-19T08:50:43Z,"{}",efc6f7da-01e7-4b0e-8461-a85f708bb6e3
upload_failed,u-1019,2025-11-19T10:21:11Z,"{""reason"":""timeout""}",0c339451-808a-422a-b32f-23d6a9be64d6
login_success,u-1039,2025-11-19T11:51:08Z,"{""plan"":""Free""}",ff614a30-8a71-4de7-8d5f-267c15abb79b
upload_success,u-1032,2025-11-19T13:21:26Z,"{""uploads"":3,""quota"":10,""quotaPct"":0.3}",6d0df547-0bd7-494d-b1c2-bb9473391c80
plan_upgraded,u-1014,2025-11-19T14:50:51Z,"{""quota"":200}",d894c25f-84a1-467f-bb41-4482d0be279c
payment_succeeded,u-1014,2025-11-19T14:51:07Z,"{""provider"":""stripe"",""amount"":200}",0ad6396d-cb97-4800-b013-a8f1d88990e0
quota_reached,u-1031,2025-11-19T16:21:24Z,"{""uploads"":10,""quota"":10,""quotaPct"":1}",6e7fe58d-b834-460e-bcae-d25ce625fafb
login_success,u-1049,2025-11-19T17:51:47Z,"{""plan"":""Premium""}",c01bb9f1-36f0-413a-a8ad-4c25cd2e6ca4
logout,u-1029,2025-11-19T19:21:34Z,"{}",b847c008-bd9e-4876-bdfe-acd7159efd3b
quota_near_limit,u-1059,2025-11-19T20:51:33Z,"{""uploads"":8,""quota"":10,""quotaPct"":0.8}",aabb9f06-82c3-421a-8a15-bd37c64ec748
logout,u-1025,2025-11-19T22:20:34Z,"{}",a3b2af65-6ef8-4089-a304-075690359987
login_success,u-1039,2025-11-19T23:50:35Z,"{""plan"":""Free""}",f75850f2-5e17-4c03-8d1b-cbc119914abf
logout,u-1048,2025-11-20T01:20:40Z,"{}",076ddab6-0233-47c0-be92-d356ce2e3384
quota_near_limit,u-1041,2025-11-20T02:51:10Z,"{""uploads"":9,""quota"":10,""quotaPct"":0.9}",5c8bf0bc-a39e-4ec3-8714-4d7d9b0b367d
upload_success,u-1041,2025-11-20T02:50:51Z,"{""uploads"":9,""quota"":10,""quotaPct"":0.9}",41a735c4-1b0d-44f0-8921-6c0b93535b16
login_success,u-1014,2025-11-20T04:20:40Z,"{""plan"":""Premium""}",18b25b55-c723-4ba7-b7a5-d340c5c2b331
retention_over_2min,u-1028,2025-11-20T05:51:52Z,"{}",0eaa7aac-df35-4f52-9e53-0d1ebe6a2bbc
upload_success,u-1055,2025-11-20T07:21:01Z,"{""uploads"":2,""quota"":200,""quotaPct"":0.01}",4cc1a172-c3c6-43d6-95f9-ca543ffbb06d
upload_success,u-1007,2025-11-20T08:51:02Z,"{""uploads"":1,""quota"":200,""quotaPct"":0.005}",87f2a351-77b3-41b2-aad3-b021acea84de
retention_over_2min,u-1032,2025-11-20T10:21:31Z,"{}",a6abb495-d6b8-4994-a71c-a6bfe9f785ac
quota_near_limit,u-1027,2025-11-20T11:51:15Z,"{""uploads"":8,""quota"":10,""quotaPct"":0.8}",3b97f997-3a04-43df-85e9-61e331356bc3
upload_attempt,u-1011,2025-11-20T13:20:57Z,"{}",a76b1cce-ab46-4514-a22c-182c51acdd63
upload_success,u-1042,2025-11-20T14:51:38Z,"{""uploads"":4,""quota"":10,""quotaPct"":0.4}",5501b6d1-4ec6-4a64-b160-b1127d395aed
login_success,u-1020,2025-11-20T16:21:33Z,"{""plan"":""Free""}",a75aa0aa-0b84-49eb-bde1-ba69adddfcc8
quota_reached,u-1020,2025-11-20T17:51:43Z,"{""uploads"":10,""quota"":10,""quotaPct"":1}",7bc5c38b-27fe-4398-8806-5544e34b20c2
upload_success,u-1020,2025-11-20T17:51:30Z,"{""uploads"":10,""quota"":10,""quotaPct"":1}",f9cc9672-244e-4618-b5a2-6998539564be
upload_attempt,u-1024,2025-11-20T19:21:45Z,"{}",1cba896e-5eed-45ec-9861-d3e039c2affb
login_success,u-1052,2025-11-20T20:51:37Z,"{""plan"":""Premium""}",09a381cc-0a8e-4acc-9163-6a01cdbbcb6b
logout,u-1059,2025-11-20T22:21:43Z,"{}",b1adfac1-02fd-49e6-a421-0f75bf079fbf
logout,u-1010,2025-11-20T23:51:50Z,"{}",44c96d47-46ec-49d7-82b8-a1aadb79c8a2
retention_over_2min,u-1050,2025-11-21T01:20:41Z,"{}",0b305274-3dbd-4660-abc9-66daea095ef3
upload_success,u-1039,2025-11-21T02:51:30Z,"{""uploads"":2,""quota"":10,""quotaPct"":0.2}",538dc59d-a5d2-4f44-9663-ff8ad5017fdb
upload_attempt,u-1002,2025-11-21T04:21:33Z,"{}",f6189dfa-4125-4071-8bd7-bc1041f86b3f
login_success,u-1041,2025-11-21T05:51:23Z,"{""plan"":""Free""}",7fe34c90-d7ae-4256-8107-a12ed066e5be
register,u-1022,2025-11-21T07:21:21Z,"{""plan"":""Free""}",b6de407d-8628-488b-8deb-d07d129a061d
quota_near_limit,u-1017,2025-11-21T08:50:44Z,"{""uploads"":8,""quota"":10,""quotaPct"":0.8}",d9094f73-ebfd-4145-bebf-7d919b191dd1
plan_downgraded,u-1006,2025-11-21T10:21:23Z,"{""quota"":10}",429ae537-d61e-4165-953d-39082d4b4b84
upload_success,u-1056,2025-11-21T11:51:37Z,"{""uploads"":1,""quota"":10,""quotaPct"":0.1}",929d49fd-8f0f-42fe-8cc7-60d03faa782c
plan_upgraded,u-1056,2025-11-21T13:20:54Z,"{""quota"":200}",750b8b06-46a3-4708-9b04-0d25f52269db
payment_succeeded,u-1056,2025-11-21T13:21:30Z,"{""provider"":""stripe"",""amount"":200}",41ce2a8b-a316-4846-ad86-9e28ea5563fa
upload_attempt,u-1031,2025-11-21T14:50:47Z,"{}",526bd499-a7ab-4d58-944e-d418779886f6
logout,u-1057,2025-11-21T16:21:35Z,"{}",1d2e160b-914f-457f-ae1d-7d31d22220fc
upload_success,u-1013,2025-11-21T17:51:17Z,"{""uploads"":1,""quota"":200,""quotaPct"":0.005}",c64f69d9-01c6-4389-b95e-18bf2ed33e15
plan_upgraded,u-1036,2025-11-21T19:20:50Z,"{""quota"":200}",07dbe796-0a74-48d7-ba30-1c6845994502
register,u-1012,2025-11-21T20:51:41Z,"{""plan"":""Premium""}",66ac29a3-e73c-402c-9981-4b6d09e15b4d
login_success,u-1033,2025-11-21T22:20:38Z,"{""plan"":""Premium""}",681228c2-73d9-476f-9287-7f8822dd3b58
login_success,u-1018,2025-11-21T23:51:07Z,"{""plan"":""Free""}",4ceadd31-0322-4010-936f-37c4368f5732
login_failed,u-1020,2025-11-22T01:21:37Z,"{""reason"":""bad password""}",1edddd47-b706-42da-b876-3d84bef6673e
upload_success,u-1051,2025-11-22T02:51:00Z,"{""uploads"":3,""quota"":200,""quotaPct"":0.015}",181bf7f3-a47f-4e26-ab88-f48d0ef148d5
upload_attempt,u-1043,2025-11-22T04:21:15Z,"{}",14fcdd3a-7a63-4b5b-9168-de8cce059f4c
usage_reset,u-1026,2025-11-22T05:50:57Z,"{""plan"":""Free""}",3077680e-4a3f-4e70-9ab9-18d9543a522b
upload_success,u-1019,2025-11-22T07:21:43Z,"{""uploads"":9,""quota"":200,""quotaPct"":0.045}",c3feb141-2308-41ed-84eb-3d9686c7bf59
login_success,u-1053,2025-11-22T08:51:17Z,"{""plan"":""Free""}",f8405950-cd64-4462-9ccf-2a4430e69763
plan_upgraded,u-1031,2025-11-22T10:20:45Z,"{""quota"":200}",9aaafc01-3d9d-4be3-86df-27b1932e9979
payment_succeeded,u-1031,2025-11-22T10:21:02Z,"{""provider"":""stripe"",""amount"":200}",f7992d84-cc43-448d-a10b-f42de715f7b1
upload_attempt,u-1047,2025-11-22T11:51:21Z,"{}",fb87ab62-efaf-4ef6-af05-1103ef97b258
plan_upgraded,u-1044,2025-11-22T13:21:50Z,"{""quota"":200}",bf253b7b-6374-42ad-b128-32b23441100d
upload_attempt,u-1007,2025-11-22T14:50:43Z,"{}",6a9f88db-a588-4ea0-9bc8-929f109bc510
upload_success,u-1022,2025-11-22T16:20:55Z,"{""uploads"":2,""quota"":10,""quotaPct"":0.2}",0b5eab7a-b775-408a-9628-6f3e7d16e5fb
quota_near_limit,u-1059,2025-11-22T17:51:17Z,"{""uploads"":8,""quota"":10,""quotaPct"":0.8}",370d877e-d95a-48e0-9e80-e7031dfa6e66
login_success,u-1053,2025-11-22T19:20:51Z,"{""plan"":""Free""}",fc23c1ab-565c-49ea-942f-5ff714dfad89
login_success,u-1029,2025-11-22T20:51:16Z,"{""plan"":""Premium""}",42bfae82-438f-4828-8761-c5bf4cd4e089
upload_failed,u-1029,2025-11-22T22:21:22Z,"{""reason"":""network_error""}",86941ac9-66b4-4b04-8fee-e36f5253948b
login_success,u-1006,2025-11-22T23:51:19Z,"{""plan"":""Free""}",0c82deaf-b186-43b1-83a7-9bd3bc9784df
retention_over_2min,u-1014,2025-11-23T01:21:42Z,"{}",c65b0969-d371-4254-8e83-d18c3fad63d9
payment_failed,u-1042,2025-11-23T02:51:18Z,"{""provider"":""stripe"",""amount"":200}",11a72b31-3fcf-413d-90aa-0420a90da80b
upload_attempt,u-1018,2025-11-23T04:21:29Z,"{}",f1715453-378b-41b1-ba95-2cf71e43130d
usage_reset,u-1010,2025-11-23T05:51:23Z,"{""plan"":""Free""}",b0b0548f-b5f7-4ed3-beb7-7a2c4b9b738b
plan_downgraded,u-1058,2025-11-23T07:21:24Z,"{""quota"":10}",e0992164-0004-47c5-b41d-055ed2e8187a
quota_near_limit,u-1046,2025-11-23T08:51:51Z,"{""uploads"":9,""quota"":10,""quotaPct"":0.9}",91ce5a05-b3f5-48d2-a706-c6e33c6542c3
login_success,u-1012,2025-11-23T10:21:41Z,"{""plan"":""Premium""}",cf94cb8b-9afd-43d1-a03f-5b66964af6f6
upload_failed,u-1044,2025-11-23T11:51:02Z,"{""reason"":""file_too_large""}",11d7b575-4647-4b27-b711-3ff16c9aa72d
plan_upgraded,u-1000,2025-11-23T13:21:00Z,"{""quota"":200}",210f8a9b-8864-4f63-b0cb-a501a17948e9
payment_succeeded,u-1000,2025-11-23T13:21:03Z,"{""provider"":""stripe"",""amount"":200}",b4a02e4a-2769-4ace-80dd-e4749f1c3504
logout,u-1029,2025-11-23T14:50:39Z,"{}",439d792d-ad26-4aba-abcf-14dd92bcf719
login_success,u-1027,2025-11-23T16:21:14Z,"{""plan"":""Free""}",eaa375c9-2f1e-490b-8329-2168a54b1a2e
register,u-1030,2025-11-23T17:51:01Z,"{""plan"":""Free""}",e3b1529c-33c4-4f45-b0f7-cb9d64564d23
retention_over_2min,u-1045,2025-11-23T19:21:09Z,"{}",3a14ea9f-2042-4a49-ae9d-a56ada8f47df
upload_success,u-1025,2025-11-23T20:51:42Z,"{""uploads"":10,""quota"":10,""quotaPct"":1}",9f65e526-bd96-4f9a-8c3c-414008bf9fd7
login_success,u-1018,2025-11-23T22:21:31Z,"{""plan"":""Free""}",340852f2-6aa5-4de0-a1b6-aed7654a3671
upload_failed,u-1003,2025-11-23T23:51:26Z,"{""reason"":""network_error""}",793b0076-5c86-4a39-9e79-8e7239437153
quota_reached,u-1012,2025-11-24T01:21:26Z,"{""uploads"":200,""quota"":200,""quotaPct"":1}",8eace3d7-fc26-424b-85dd-69642e76c4b9
login_success,u-1036,2025-11-24T02:51:43Z,"{""plan"":""Premium""}",ded9d27a-93e6-46b0-8b29-fee849cfc718
login_success,u-1035,2025-11-24T04:20:59Z,"{""plan"":""Premium""}",4aaaeff2-47d1-4b66-8829-c9b2ead54684
upload_success,u-1030,2025-11-24T05:51:46Z,"{""uploads"":10,""quota"":10,""quotaPct"":1}",f67571a8-6568-406c-8ca6-36ca9208fe64
quota_near_limit,u-1029,2025-11-24T07:21:01Z,"{""uploads"":160,""quota"":200,""quotaPct"":0.8}",b197c366-8fe7-4308-b9af-858a91a27d2d
register,u-1015,2025-11-24T08:50:45Z,"{""plan"":""Premium""}",f1437cb4-a7ce-44f8-a1b5-5bab19d42dad
upload_success,u-1037,2025-11-24T10:21:34Z,"{""uploads"":10,""quota"":10,""quotaPct"":1}",0b5d617a-ebcf-4985-9e92-b27217f92f22
login_success,u-1051,2025-11-24T11:51:13Z,"{""plan"":""Premium""}",07b2467b-cdee-4c9f-802c-dddc978ec6ee
plan_upgraded,u-1045,2025-11-24T13:21:42Z,"{""quota"":200}",8a4d7384-7c56-4a4a-8c60-53a079990d0d
upload_success,u-1052,2025-11-24T14:51:25Z,"{""uploads"":4,""quota"":200,""quotaPct"":0.02}",fe2fd61a-0937-4382-a991-2b1dcd8636ba
quota_near_limit,u-1025,2025-11-24T16:21:38Z,"{""uploads"":9,""quota"":10,""quotaPct"":0.9}",e5db2ba4-f99b-49b0-869d-274d170f61e4
quota_near_limit,u-1057,2025-11-24T17:51:41Z,"{""uploads"":8,""quota"":10,""quotaPct"":0.8}",fe69532c-ceeb-4392-aa3b-8ecccef83589
upload_success,u-1055,2025-11-24T19:20:48Z,"{""uploads"":3,""quota"":200,""quotaPct"":0.015}",26231b60-ada9-4c52-a6c7-f42aa1f792c2
login_success,u-1029,2025-11-24T20:51:38Z,"{""plan"":""Premium""}",3e76c50c-1c8d-47cf-9675-87511c944dce
logout,u-1029,2025-11-24T22:21:48Z,"{}",d0db22d3-4f28-4567-961c-350700c36233
quota_reached,u-1046,2025-11-24T23:51:21Z,"{""uploads"":10,""quota"":10,""quotaPct"":1}",79e4bc2f-55b5-4404-a6cd-37fcaafa89c4
upload_success,u-1046,2025-11-24T23:51:37Z,"{""uploads"":10,""quota"":10,""quotaPct"":1}",09a67a7c-28c0-4de3-8913-f503c863631c
quota_reached,u-1046,2025-11-25T01:21:03Z,"{""uploads"":10,""quota"":10,""quotaPct"":1}",7dcc0c07-de95-4aae-9bf4-75e9965e04f9
upload_success,u-1046,2025-11-25T01:21:29Z,"{""uploads"":10,""quota"":10,""quotaPct"":1}",177635d0-ffc9-439c-a4f8-185c4d603eaa
upload_success,u-1004,2025-11-25T02:51:00Z,"{""uploads"":10,""quota"":10,""quotaPct"":1}",cbbcab0b-69f6-49fd-be22-dbeade4584d9
plan_upgraded,u-1058,2025-11-25T04:20:54Z,"{""quota"":200}",26e3ec2d-e900-44f8-b6ec-bf829b1c4ce9
upload_attempt,u-1053,2025-11-25T05:51:11Z,"{}",a6b41973-4e79-49a3-a84b-72da27797481
upload_success,u-1007,2025-11-25T07:20:37Z,"{""uploads"":2,""quota"":200,""quotaPct"":0.01}",55dd7e7e-c05c-47b0-91f0-b9b30fdf36ba
quota_near_limit,u-1013,2025-11-25T08:50:40Z,"{""uploads"":160,""quota"":200,""quotaPct"":0.8}",6087e46c-9e3d-4916-ae8b-4da52de615b2